Name,Mobile,Location,Email
Siddharth Nair,9085880700,Ahmedabad,siddharth.nair271@protonmail.com
Amit Verma,9430164068,Bangalore,amit.verma800@gmail.com
Amit Pawar,9507864821,Delhi,amit.pawar997@gmail.com
Nikhil Kulkarni,9347357495,Mumbai,nikhil.kulkarni510@protonmail.com
Sneha Joshi,9496317584,,sneha.joshi710@protonmail.com
Pooja Singh,9752150495,Chennai,pooja.singh857@icloud.com
Amit Reddy,9418336635,Nagpur,amit.reddy43@protonmail.com
Sneha Pawar,9118079949,Nashik,
Vikas Patil,9711549940,Mumbai,vikas.patil399@gmail.com
Nikhil Chavan,9419761801,Indore,nikhil.chavan669@yahoo.com
Sagar Shinde,9569822631,Pune,
Pooja Patil,9560068146,Chennai,pooja.patil618@icloud.com
Rahul Kulkarni,9691431069,Delhi,rahul.kulkarni385@yahoo.com
Priya Reddy,9072895931,Nashik,priya.reddy383@gmail.com
Arjun Verma,9608562272,,arjun.verma685@gmail.com
Neha Reddy,9641076283,Nashik,
Rahul Shinde,9083487289,Ahmedabad,
Amit Desai,9003038250,Hyderabad,
Amit Jadhav,9360449163,Delhi,amit.jadhav424@yahoo.com
Aditya Pawar,9940716464,Pune,aditya.pawar119@gmail.com
Pooja Shah,9043603327,Nashik,
Aditya More,9440106196,,
Vikas Sharma,9046126641,Indore,
Nikhil Pawar,9088718557,Delhi,nikhil.pawar892@protonmail.com
Anjali Shah,9986585242,Indore,anjali.shah534@gmail.com
Priya Shah,9486522461,Delhi,priya.shah697@icloud.com
Nikhil Naik,9009269220,,nikhil.naik986@icloud.com
Tanvi Sharma,9577437798,Surat,
Pooja Joshi,9048349190,Nashik,pooja.joshi529@protonmail.com
Nikhil Verma,9960805017,Bangalore,nikhil.verma74@icloud.com
Nikhil Jadhav,9192547200,Ahmedabad,nikhil.jadhav497@protonmail.com
Sneha Sharma,9841016902,,sneha.sharma760@outlook.com
Anjali Pawar,9371104450,Jaipur,anjali.pawar522@icloud.com
Yash Kumar,9325521167,,yash.kumar723@outlook.com
Aditya Gupta,9504114164,,
Nikhil Iyer,9874807581,,
Kavita Naik,9603354291,Nashik,kavita.naik903@outlook.com
Siddharth Kulkarni,9382439604,Nagpur,siddharth.kulkarni363@icloud.com
Sagar Joshi,9811098682,Nagpur,sagar.joshi994@gmail.com
Pooja Shinde,9895279631,,pooja.shinde534@yahoo.com
Kavita Desai,9558437753,Mumbai,kavita.desai303@protonmail.com
Meera Iyer,9872752303,Chennai,meera.iyer197@protonmail.com
Yash Desai,9137190718,,yash.desai854@outlook.com
Yash Pawar,9265058523,Pune,
Kavita Gupta,9594382356,Surat,kavita.gupta740@yahoo.com
Kavita Kumar,9940719934,Nagpur,
Sagar Mehta,9005677943,Lucknow,sagar.mehta817@yahoo.com
Pooja Kulkarni,9222389134,Nashik,pooja.kulkarni119@yahoo.com
Sneha Naik,9201046073,Hyderabad,sneha.naik865@protonmail.com
Sagar Kumar,9161805495,Hyderabad,sagar.kumar528@outlook.com
Siddharth Kulkarni,9914591399,,
Meera Gupta,9525804612,Nashik,meera.gupta774@gmail.com
Pooja Joshi,9342539892,Jaipur,pooja.joshi24@protonmail.com
Aditya Gupta,9794189072,,aditya.gupta248@icloud.com
Arjun Naik,9414280430,Surat,arjun.naik713@gmail.com
Kavita Pawar,9513312036,Jaipur,
Sagar Patil,9148961190,Hyderabad,sagar.patil739@yahoo.com
Neha Shah,9375099998,Lucknow,
Nikhil Joshi,9750803145,Hyderabad,nikhil.joshi102@yahoo.com
Siddharth Joshi,9390254655,Mumbai,siddharth.joshi790@protonmail.com
Sneha Mehta,9476236753,,sneha.mehta210@yahoo.com
Tanvi Patil,9159527871,,tanvi.patil904@yahoo.com
Riya Verma,9007107461,Bangalore,riya.verma625@icloud.com
Aditya Mehta,9007704777,Delhi,aditya.mehta766@icloud.com
Tanvi Pawar,9472551414,Jaipur,tanvi.pawar513@outlook.com
Vikas Singh,9181057819,Kolkata,vikas.singh65@yahoo.com
Sneha Jadhav,9987077445,Nagpur,
Priya Jadhav,9938281601,Surat,priya.jadhav105@gmail.com
Sagar More,9355536151,Delhi,sagar.more850@gmail.com
Yash Kulkarni,9381499725,Bangalore,
Pooja Gupta,9642453674,Nagpur,pooja.gupta12@icloud.com
Sagar Shinde,9366424854,,sagar.shinde292@icloud.com
Siddharth Singh,9869381735,,siddharth.singh492@protonmail.com
Rohit Shinde,9352775978,,rohit.shinde660@yahoo.com
Yash Reddy,9902026033,Mumbai,yash.reddy973@icloud.com
Rahul Singh,9544160785,Bangalore,rahul.singh156@yahoo.com
Rahul Patil,9881432743,,rahul.patil47@icloud.com
Amit Joshi,9062092413,Kolkata,amit.joshi933@yahoo.com
Rahul More,9126196525,Delhi,rahul.more834@gmail.com
Amit Kumar,9526683963,,amit.kumar614@gmail.com
Riya Desai,9270743204,Nashik,riya.desai166@gmail.com
Sagar Nair,9072153618,Delhi,
Vikas Patil,9146587530,Ahmedabad,vikas.patil155@protonmail.com
Tanvi Naik,9437501638,,tanvi.naik304@yahoo.com
Vikas Joshi,9756884655,,vikas.joshi319@icloud.com
Nikhil Reddy,9641056622,Chennai,nikhil.reddy226@yahoo.com
Siddharth Pawar,9155737621,Lucknow,siddharth.pawar611@gmail.com
Riya Desai,9221561983,Nashik,riya.desai195@gmail.com
Rohit Chavan,9837348129,Surat,rohit.chavan79@yahoo.com
Vikas Naik,9168703840,Hyderabad,
Sagar Naik,9840537415,Kolkata,sagar.naik733@gmail.com
Sagar Gupta,9956063487,Indore,
Yash Chavan,9684827098,,yash.chavan152@icloud.com
Kiran Naik,9040536206,Indore,
Kavita Reddy,9254951060,,kavita.reddy233@protonmail.com
Nikhil Shinde,9463308336,Delhi,nikhil.shinde139@yahoo.com
Kiran Patil,9196913620,Jaipur,kiran.patil664@gmail.com
Kiran Verma,9703315145,,
Arjun Jadhav,9805180832,,arjun.jadhav224@protonmail.com
Sagar Kulkarni,9262127094,Ahmedabad,
Meera Verma,9846318917,Hyderabad,meera.verma249@gmail.com
Neha Shinde,9325050638,Nagpur,neha.shinde430@icloud.com
Kiran Kulkarni,9129299586,Jaipur,
Aditya Nair,9634383088,Nashik,aditya.nair792@yahoo.com
Meera Nair,9838729296,Delhi,meera.nair493@outlook.com
Sagar Kulkarni,9925375931,,sagar.kulkarni893@gmail.com
Sagar Shah,9641261524,Nashik,sagar.shah349@outlook.com
Siddharth Iyer,9205002382,,siddharth.iyer851@yahoo.com
Riya Iyer,9717911216,,riya.iyer457@protonmail.com
Arjun Naik,9139230372,Nagpur,
Sagar Sharma,9696444291,Delhi,sagar.sharma218@protonmail.com
Anjali Singh,9959115104,Mumbai,anjali.singh52@outlook.com
Tanvi Shah,9950632816,,tanvi.shah900@outlook.com
Yash Sharma,9132928333,,yash.sharma781@icloud.com
Nikhil More,9160300685,Nagpur,nikhil.more300@protonmail.com
Tanvi Joshi,9714815685,,
Kiran Jadhav,9835741773,Chennai,kiran.jadhav893@icloud.com
Arjun Kumar,9932300581,Delhi,
Pooja Shah,9647260626,,pooja.shah249@yahoo.com
Pooja Chavan,9333850274,Pune,pooja.chavan537@protonmail.com
Vikas Desai,9958986631,,vikas.desai735@outlook.com
Vikas Verma,9104110484,Delhi,vikas.verma992@yahoo.com
Aditya Patil,9269355973,Chennai,aditya.patil31@icloud.com
Sneha Reddy,9045406793,Pune,sneha.reddy754@gmail.com
Sagar Gupta,9946673602,,sagar.gupta627@icloud.com
Siddharth Sharma,9585241093,Chennai,siddharth.sharma987@gmail.com
Yash Joshi,9344791219,,yash.joshi955@yahoo.com
Priya Sharma,9694563971,Hyderabad,priya.sharma737@protonmail.com
Rahul Desai,9393486336,Delhi,rahul.desai441@gmail.com
Siddharth Verma,9022455884,Kolkata,
Vikas Pawar,9352409413,Nagpur,vikas.pawar531@protonmail.com
Yash Kumar,9881279502,Indore,
Aditya Mehta,9327249116,,aditya.mehta116@outlook.com
Arjun Reddy,9699595059,Surat,
Vikas Joshi,9318854994,,vikas.joshi184@yahoo.com
Neha Kulkarni,9319083425,Chennai,neha.kulkarni178@protonmail.com
Vikas Gupta,9102790967,,vikas.gupta404@yahoo.com
Tanvi Sharma,9670438316,Mumbai,
Yash Mehta,9600028402,,yash.mehta930@yahoo.com
Sneha Verma,9318183298,Pune,
Kavita Shinde,9731566693,,kavita.shinde30@gmail.com
Rohit Kulkarni,9942306999,,rohit.kulkarni812@protonmail.com
Neha Sharma,9274404586,Pune,
Arjun Singh,9309808052,Nashik,
Priya Chavan,9882709956,Indore,priya.chavan89@yahoo.com
Vikas Joshi,9901014249,Chennai,
Arjun Pawar,9060389610,Lucknow,arjun.pawar456@gmail.com
Rahul Patil,9513197927,Pune,rahul.patil733@yahoo.com
Amit Joshi,9385110176,Surat,amit.joshi616@yahoo.com
Sneha Joshi,9020786206,Pune,
Anjali Verma,9385529018,,anjali.verma66@protonmail.com
Meera Shah,9854113118,Nashik,meera.shah905@yahoo.com
Aditya Sharma,9966501939,Ahmedabad,aditya.sharma693@gmail.com
Nikhil Shah,9095522313,,
Priya Patil,9913459188,,
Priya Verma,9586890716,,
Kiran Iyer,9684991652,Nashik,kiran.iyer645@outlook.com
Rahul Pawar,9141379363,Kolkata,rahul.pawar320@icloud.com
Sagar Shah,9807359878,,sagar.shah178@protonmail.com
Amit Verma,9166121492,Surat,
Rahul Singh,9081079749,,rahul.singh780@outlook.com
Arjun Shinde,9386213303,Indore,arjun.shinde900@gmail.com
Siddharth Kulkarni,9498930606,Kolkata,siddharth.kulkarni399@gmail.com
Rohit Joshi,9723280771,,
Siddharth Verma,9125592974,,
Siddharth Chavan,9664801417,,siddharth.chavan960@gmail.com
Nikhil Mehta,9429475931,Surat,nikhil.mehta871@icloud.com
Tanvi Chavan,9715057967,Chennai,tanvi.chavan242@protonmail.com
Sneha Verma,9360797889,Ahmedabad,sneha.verma924@gmail.com
Amit Kulkarni,9256281907,Ahmedabad,amit.kulkarni12@icloud.com
Priya Shinde,9225113428,Nagpur,
Priya Naik,9953398119,,priya.naik314@icloud.com
Meera Chavan,9546698203,Ahmedabad,meera.chavan496@yahoo.com
Sneha Chavan,9183782079,,sneha.chavan838@yahoo.com
Siddharth Shah,9527745083,,
Rahul Jadhav,9946616594,Nagpur,rahul.jadhav793@icloud.com
Tanvi Shah,9577362680,Mumbai,tanvi.shah485@outlook.com
Vikas Shah,9726742820,Pune,vikas.shah839@outlook.com
Meera Singh,9203730314,Hyderabad,
Meera Naik,9679333862,Lucknow,
Kavita Nair,9261654021,Hyderabad,
Siddharth Iyer,9384091589,,siddharth.iyer492@outlook.com
Vikas Joshi,9580677503,,vikas.joshi601@protonmail.com
Rahul Joshi,9331584059,Kolkata,
Kiran Singh,9950488493,Lucknow,kiran.singh65@outlook.com
Kavita Shinde,9493135977,Pune,kavita.shinde123@icloud.com
Rohit Singh,9541802430,,
Priya Verma,9441077504,Bangalore,priya.verma985@protonmail.com
Anjali Naik,9966256478,Nagpur,anjali.naik590@icloud.com
Tanvi Shinde,9026708400,,
Amit Shinde,9123635569,,
Arjun Mehta,9173199007,Bangalore,arjun.mehta976@gmail.com
Neha Reddy,9663541463,Chennai,neha.reddy698@yahoo.com
Neha Shah,9870834542,,neha.shah457@icloud.com
Kiran Nair,9445795466,Kolkata,
Sneha Shinde,9345921642,Hyderabad,sneha.shinde543@icloud.com
Yash Gupta,9698376821,Kolkata,yash.gupta565@gmail.com
Priya Kumar,9799914899,,priya.kumar425@protonmail.com
Kiran Patil,9928311969,Bangalore,kiran.patil284@outlook.com
Meera Shinde,9733707746,Delhi,
Yash Reddy,9490183785,Delhi,yash.reddy862@yahoo.com
Riya Desai,9945231813,,
Yash Kumar,9406028755,,
Nikhil Naik,9368135139,Delhi,nikhil.naik387@gmail.com
Tanvi Iyer,9874470985,Jaipur,tanvi.iyer996@protonmail.com
Vikas Naik,9534418020,Indore,vikas.naik927@gmail.com
Kiran Kumar,9487615424,Kolkata,kiran.kumar656@outlook.com
Meera Reddy,9573035042,,meera.reddy385@yahoo.com
Neha More,9656211262,Mumbai,neha.more148@yahoo.com
Sagar More,9990639596,Nagpur,sagar.more927@icloud.com
Sneha Verma,9486388688,Ahmedabad,sneha.verma627@gmail.com
Rahul Reddy,9517497337,,rahul.reddy951@gmail.com
Sneha Reddy,9877296326,Jaipur,sneha.reddy951@gmail.com
Riya Desai,9737142675,Delhi,
Arjun Kumar,9267769269,Jaipur,
Kiran Verma,9775946239,,
Rahul Jadhav,9375614828,Indore,
Neha Mehta,9423376063,Surat,
Arjun Naik,9988755965,,
Vikas Mehta,9920427844,Surat,
Tanvi Nair,9742033256,,tanvi.nair150@yahoo.com
Sneha Mehta,9022292572,Indore,sneha.mehta706@protonmail.com
Rahul Patil,9867970287,Hyderabad,rahul.patil493@icloud.com
Amit Nair,9063131573,,amit.nair136@gmail.com
Pooja Patil,9693496123,Chennai,pooja.patil453@yahoo.com
Sneha Sharma,9111673314,Chennai,sneha.sharma918@gmail.com
Vikas Jadhav,9461703320,Bangalore,vikas.jadhav760@yahoo.com
Arjun More,9249248407,Lucknow,
Kavita Kumar,9670818415,Nagpur,kavita.kumar193@yahoo.com
Meera Sharma,9579751953,,meera.sharma255@outlook.com
Pooja Gupta,9602785649,Indore,pooja.gupta683@gmail.com
Anjali Verma,9689469147,Kolkata,
Kiran Shah,9396722108,,
Neha Nair,9242468370,Indore,neha.nair242@outlook.com
Vikas Naik,9323952471,Pune,
Aditya Jadhav,9585362510,Lucknow,aditya.jadhav58@gmail.com
Amit Singh,9274115161,Surat,amit.singh163@outlook.com
Rohit Jadhav,9448820302,Chennai,rohit.jadhav394@yahoo.com
Arjun Kulkarni,9040175622,,arjun.kulkarni260@yahoo.com
Aditya Shinde,9776240205,Jaipur,aditya.shinde520@protonmail.com
Sneha Reddy,9529651973,Nagpur,
Amit Singh,9216464795,Nashik,
Meera Sharma,9105051097,Nashik,
Priya Singh,9669200403,,
Pooja Joshi,9606139108,Kolkata,pooja.joshi497@outlook.com
Nikhil Kumar,9616544775,,nikhil.kumar242@yahoo.com
Kavita Desai,9454904551,Bangalore,
Sagar Shah,9159885528,Nagpur,
Vikas Shinde,9754392876,Hyderabad,
Tanvi Pawar,9197895183,Ahmedabad,tanvi.pawar38@yahoo.com
Rahul Singh,9188660596,Indore,rahul.singh279@yahoo.com
Riya Naik,9244231111,Nagpur,riya.naik181@yahoo.com
Pooja Shinde,9710716649,,pooja.shinde333@outlook.com
Sneha Patil,9001205355,Mumbai,sneha.patil237@yahoo.com
Sagar Shah,9809766622,Jaipur,
Vikas Singh,9168186497,Ahmedabad,vikas.singh114@protonmail.com
Sneha Sharma,9003833113,,sneha.sharma696@icloud.com
Vikas Shah,9973401375,Indore,
Rahul Verma,9665119431,,rahul.verma693@gmail.com
Priya Shinde,9933181167,Mumbai,
Arjun Joshi,9906817758,Nashik,
Riya Joshi,9407748218,Mumbai,riya.joshi166@gmail.com
Nikhil More,9500895712,Kolkata,nikhil.more101@gmail.com
Amit Pawar,9506285856,Ahmedabad,
Siddharth Chavan,9476887606,,siddharth.chavan663@protonmail.com
Neha Kulkarni,9863276946,Indore,neha.kulkarni937@icloud.com
Amit Chavan,9315566288,,amit.chavan121@yahoo.com
Kiran Shinde,9911382343,Indore,
Neha More,9195323393,,
Sneha Patil,9563587405,Chennai,sneha.patil820@protonmail.com
Riya Desai,9460471138,Hyderabad,riya.desai152@protonmail.com
Riya Mehta,9612884298,,riya.mehta295@outlook.com
Meera Shinde,9304787141,Kolkata,meera.shinde906@yahoo.com
Pooja Pawar,9620850021,Surat,
Aditya More,9986005531,Hyderabad,aditya.more562@yahoo.com
Aditya Shah,9265620522,Kolkata,aditya.shah720@outlook.com
Arjun Shah,9211495618,,arjun.shah560@gmail.com
Sagar Gupta,9864590875,,sagar.gupta322@protonmail.com
Neha Shinde,9081090219,,
Priya Singh,9100448831,Nashik,priya.singh449@outlook.com
Priya Desai,9732155791,Bangalore,priya.desai735@icloud.com
Rahul Shinde,9478224348,,rahul.shinde679@outlook.com
Amit Mehta,9061509830,,
Siddharth Nair,9047076796,Bangalore,siddharth.nair294@gmail.com
Rahul Iyer,9165839062,,
Vikas Chavan,9945512820,Surat,
Pooja Desai,9353589218,Indore,pooja.desai175@icloud.com
Nikhil Desai,9753030213,Chennai,
Sagar Naik,9118923484,Hyderabad,sagar.naik367@yahoo.com
Anjali Joshi,9436464398,Indore,anjali.joshi203@outlook.com
Neha Chavan,9326429416,,neha.chavan855@yahoo.com
Amit Reddy,9971164116,Lucknow,amit.reddy867@outlook.com
Tanvi Sharma,9506098951,,
Meera Chavan,9347838911,Kolkata,meera.chavan421@protonmail.com
Aditya Desai,9202608569,Surat,aditya.desai125@yahoo.com
Anjali Verma,9686121059,,anjali.verma713@outlook.com
Aditya Shinde,9424113842,,aditya.shinde599@protonmail.com
Kavita Shinde,9841035568,Surat,kavita.shinde986@yahoo.com
Amit Shah,9928495006,Kolkata,amit.shah505@yahoo.com
Sagar Gupta,9478899936,Indore,sagar.gupta270@gmail.com
Meera Jadhav,9647585608,Hyderabad,
Vikas Kulkarni,9744689646,Indore,vikas.kulkarni438@gmail.com
Anjali Shinde,9892292741,Lucknow,anjali.shinde236@protonmail.com
Neha Joshi,9013061714,Jaipur,
Nikhil Joshi,9550758363,Surat,nikhil.joshi960@icloud.com
Sneha Desai,9087461235,Chennai,sneha.desai871@gmail.com
Rohit Desai,9354880418,Mumbai,rohit.desai822@protonmail.com
Yash More,9619925800,,
Yash Verma,9783024883,Surat,yash.verma786@outlook.com
Sagar Chavan,9494419672,Lucknow,
Pooja Naik,9641238999,Mumbai,pooja.naik352@yahoo.com
Meera Patil,9991072363,Lucknow,meera.patil286@outlook.com
Nikhil Gupta,9935188840,Nashik,nikhil.gupta233@protonmail.com
Rohit Kumar,9236384994,Delhi,
Pooja Gupta,9794755856,,pooja.gupta122@protonmail.com
Riya Naik,9917031878,,riya.naik571@yahoo.com
Meera Patil,9697928278,Mumbai,meera.patil509@icloud.com
Sagar Sharma,9436654921,Ahmedabad,sagar.sharma367@outlook.com
Nikhil Mehta,9530448271,,nikhil.mehta699@gmail.com
Riya Gupta,9861463519,Chennai,riya.gupta423@yahoo.com
Pooja Nair,9823128015,,pooja.nair598@gmail.com
Meera Desai,9313230164,Ahmedabad,meera.desai697@protonmail.com
Nikhil Jadhav,9400469392,,nikhil.jadhav721@outlook.com
Vikas Joshi,9177789875,Chennai,vikas.joshi76@protonmail.com
Sagar Naik,9261633482,Hyderabad,sagar.naik957@gmail.com
Rahul Reddy,9690435611,,rahul.reddy728@yahoo.com
Arjun Iyer,9169093563,Bangalore,arjun.iyer229@outlook.com
Yash Joshi,9815749869,,yash.joshi817@yahoo.com
Sagar Singh,9652619304,Mumbai,sagar.singh389@gmail.com
Tanvi Gupta,9940585333,,tanvi.gupta645@yahoo.com
Meera Sharma,9000631137,,meera.sharma932@yahoo.com
Rahul Kumar,9694147130,Lucknow,
Priya Patil,9979795534,Hyderabad,priya.patil176@outlook.com
Kiran Kumar,9152846069,Chennai,kiran.kumar549@gmail.com
Meera More,9264842723,,meera.more322@yahoo.com
Nikhil Mehta,9548492824,,nikhil.mehta919@protonmail.com
Priya Desai,9466312111,Indore,priya.desai595@protonmail.com
Pooja Shinde,9866896017,Pune,pooja.shinde392@icloud.com
Siddharth Desai,9340769689,Jaipur,
Aditya Naik,9452293258,Nagpur,aditya.naik542@protonmail.com
Arjun Verma,9668590561,Indore,arjun.verma782@outlook.com
Tanvi Kumar,9752150069,Ahmedabad,
Tanvi Reddy,9347296854,,tanvi.reddy142@gmail.com
Priya Desai,9251596712,Lucknow,
Tanvi Pawar,9846368504,,
Aditya Iyer,9532214290,Mumbai,aditya.iyer880@yahoo.com
Aditya Verma,9174310087,Nagpur,
Riya Kumar,9270824802,Pune,riya.kumar707@gmail.com
Neha Shah,9894954503,Ahmedabad,neha.shah429@yahoo.com
Riya Reddy,9504442200,Nashik,
Rohit Pawar,9447741570,Chennai,
Kiran Chavan,9933894372,Hyderabad,kiran.chavan164@outlook.com
Tanvi Reddy,9448578904,Chennai,tanvi.reddy418@protonmail.com
Yash Patil,9591745364,Pune,yash.patil445@yahoo.com
Anjali Singh,9589622263,Jaipur,anjali.singh217@yahoo.com
Sneha Pawar,9896160179,Chennai,sneha.pawar54@icloud.com
Siddharth Patil,9076333953,Pune,
Pooja Shinde,9762887302,Mumbai,pooja.shinde825@yahoo.com
Vikas Pawar,9087099280,,
Nikhil Nair,9021976405,Bangalore,nikhil.nair694@outlook.com
Amit Nair,9710203851,Bangalore,amit.nair149@icloud.com
Kavita Singh,9377060025,Hyderabad,kavita.singh940@gmail.com
Amit Iyer,9756261716,Delhi,amit.iyer137@gmail.com
Meera Shinde,9502172710,Kolkata,meera.shinde288@yahoo.com
Amit Gupta,9098939632,,amit.gupta50@gmail.com
Priya More,9978041001,Ahmedabad,priya.more329@icloud.com
Sneha More,9881547945,Kolkata,sneha.more696@gmail.com
Priya Shah,9725130229,Surat,
Vikas Naik,9193686504,Lucknow,vikas.naik469@icloud.com
Siddharth Jadhav,9457472047,,siddharth.jadhav905@protonmail.com
Sneha Desai,9733007052,Indore,sneha.desai905@gmail.com
Yash Patil,9027182260,Indore,yash.patil67@gmail.com
Kiran Iyer,9554692148,Pune,kiran.iyer373@icloud.com
Tanvi Verma,9489525745,Indore,tanvi.verma110@yahoo.com
Sagar Sharma,9738207543,Bangalore,sagar.sharma893@icloud.com
Arjun Mehta,9145441228,Ahmedabad,arjun.mehta436@icloud.com
Yash Nair,9072910602,Chennai,
Pooja Shinde,9691911601,Chennai,pooja.shinde922@gmail.com
Rahul More,9665097356,Mumbai,rahul.more770@outlook.com
Sagar Jadhav,9414681098,Ahmedabad,
Meera Singh,9826597569,Indore,
Anjali More,9159930629,Nashik,anjali.more253@outlook.com
Sagar Chavan,9456582686,Bangalore,sagar.chavan298@yahoo.com
Priya Kulkarni,9442010778,Ahmedabad,priya.kulkarni448@yahoo.com
Anjali Kumar,9034416123,Jaipur,anjali.kumar84@gmail.com
Aditya Pawar,9973297093,Pune,aditya.pawar523@yahoo.com
Sneha Jadhav,9463592775,Nashik,sneha.jadhav466@outlook.com
Amit Shah,9988783875,Hyderabad,amit.shah899@protonmail.com
Kiran Jadhav,9804968796,Kolkata,
Yash Pawar,9965036687,,yash.pawar919@yahoo.com
Tanvi Shinde,9807177697,Kolkata,tanvi.shinde961@gmail.com
Siddharth Reddy,9679512821,,
Vikas Joshi,9821212391,Lucknow,vikas.joshi450@yahoo.com
Kavita Chavan,9861573011,,kavita.chavan438@icloud.com
Sagar More,9443926352,,sagar.more119@gmail.com
Yash Pawar,9202792992,Nashik,yash.pawar159@gmail.com
Rohit Gupta,9550868141,,rohit.gupta435@icloud.com
Sagar Kulkarni,9432713078,Hyderabad,sagar.kulkarni619@gmail.com
Nikhil Verma,9590358898,Lucknow,
Siddharth Sharma,9328821887,Lucknow,
Nikhil More,9745760752,,nikhil.more126@protonmail.com
Nikhil Singh,9566333783,Hyderabad,nikhil.singh999@icloud.com
Anjali Verma,9744318540,Jaipur,anjali.verma472@gmail.com
Rohit Reddy,9808400836,Pune,
Sneha Kulkarni,9154521454,Bangalore,sneha.kulkarni722@protonmail.com
Sneha Pawar,9363595352,Bangalore,
Kavita Verma,9921482337,Lucknow,kavita.verma207@gmail.com
Neha Kumar,9477536924,,
Rohit Desai,9449421446,Hyderabad,rohit.desai686@gmail.com
Rahul Kumar,9494335007,Pune,rahul.kumar142@protonmail.com
Vikas Kumar,9089943011,Nashik,
Neha Nair,9760559148,Hyderabad,neha.nair699@gmail.com
Nikhil Patil,9565727121,,nikhil.patil626@outlook.com
Tanvi Shinde,9484886361,,tanvi.shinde784@protonmail.com
Amit More,9750891109,,
Neha Chavan,9110164047,,neha.chavan850@yahoo.com
Kiran Shah,9204908177,Delhi,kiran.shah49@yahoo.com
Meera Shah,9711655685,Indore,
Neha More,9980977684,Ahmedabad,neha.more144@yahoo.com
Riya Chavan,9932136815,Bangalore,
Rohit More,9806438286,,rohit.more608@yahoo.com
Anjali Pawar,9970738830,Nagpur,
Nikhil Kulkarni,9225533909,Ahmedabad,
Riya Patil,9099678999,Hyderabad,riya.patil272@outlook.com
Amit Chavan,9771865741,Mumbai,
Arjun Mehta,9672262697,Mumbai,arjun.mehta300@icloud.com
Kavita Kulkarni,9152998333,,
Yash Joshi,9013301306,Surat,
Pooja Naik,9396121944,,
Pooja Kumar,9491724071,,
Anjali Iyer,9238785172,,anjali.iyer431@yahoo.com
Rahul Patil,9562326845,,rahul.patil937@outlook.com
Anjali Kumar,9210662651,Hyderabad,anjali.kumar644@gmail.com
Priya Mehta,9644639205,Kolkata,priya.mehta832@protonmail.com
Priya Iyer,9534388411,Ahmedabad,
Neha Iyer,9710730024,Nashik,neha.iyer887@yahoo.com
Pooja Kumar,9740136599,,
Riya Nair,9165037611,Chennai,riya.nair201@icloud.com
Nikhil Naik,9896228224,Chennai,nikhil.naik112@icloud.com
Rahul Chavan,9720951943,Mumbai,rahul.chavan394@outlook.com
Priya Shinde,9348899518,,priya.shinde631@icloud.com
Sneha Singh,9273562381,Delhi,sneha.singh227@outlook.com
Pooja Shah,9325149986,,pooja.shah652@yahoo.com
Vikas Jadhav,9394521221,Ahmedabad,
Siddharth Jadhav,9761998728,,siddharth.jadhav32@yahoo.com
Kavita Desai,9735413074,,
Neha Reddy,9831390403,,neha.reddy453@yahoo.com
Rahul Shah,9988733114,Delhi,rahul.shah165@icloud.com
Sagar Mehta,9715124044,Delhi,sagar.mehta81@gmail.com
Vikas Verma,9261493755,Ahmedabad,
Siddharth Sharma,9257009384,,
Arjun Jadhav,9579046455,,
Sagar Pawar,9780864966,Hyderabad,sagar.pawar803@protonmail.com
Nikhil Patil,9379320227,Indore,nikhil.patil7@yahoo.com
Riya Iyer,9139435335,,riya.iyer255@icloud.com
Priya Patil,9652446553,Indore,
Kiran Kulkarni,9662501420,Surat,kiran.kulkarni319@icloud.com
Nikhil Nair,9513523627,Jaipur,nikhil.nair952@icloud.com
Pooja Patil,9249453138,,pooja.patil399@outlook.com
Nikhil More,9956705829,Indore,
Sagar More,9093219039,,sagar.more369@outlook.com
Tanvi Patil,9522962682,,tanvi.patil934@yahoo.com
Vikas Singh,9981293183,,vikas.singh331@gmail.com
Sneha Singh,9284608712,,sneha.singh579@outlook.com
Neha Nair,9980665865,,
Meera Sharma,9052426723,Mumbai,meera.sharma980@gmail.com
Sagar Kumar,9384878737,Delhi,
Rohit More,9316055957,Bangalore,
Anjali Shah,9003518571,,anjali.shah731@outlook.com
Tanvi Nair,9596226159,Kolkata,tanvi.nair190@outlook.com
Riya Pawar,9443420481,Kolkata,riya.pawar329@protonmail.com
Rahul Patil,9858704790,Jaipur,rahul.patil844@outlook.com
Sagar Jadhav,9608368695,,sagar.jadhav874@yahoo.com
Rahul Nair,9181275362,Jaipur,rahul.nair19@yahoo.com
Riya Mehta,9413677659,,riya.mehta689@outlook.com
Pooja Kumar,9780425457,Nagpur,
Priya Gupta,9277963977,,priya.gupta61@yahoo.com
Arjun Iyer,9785457911,Chennai,arjun.iyer618@icloud.com
Vikas Sharma,9888480776,Surat,
Yash Shinde,9718694645,Lucknow,
Meera Shinde,9895459575,Delhi,meera.shinde875@protonmail.com
Pooja Sharma,9759308293,,pooja.sharma932@gmail.com
Anjali Sharma,9463839505,Nagpur,anjali.sharma507@outlook.com
Kavita Desai,9524691156,Surat,kavita.desai678@gmail.com
Priya Naik,9057028372,Ahmedabad,priya.naik872@yahoo.com
Priya Gupta,9095884914,Kolkata,
Rahul Reddy,9022100534,Pune,rahul.reddy363@protonmail.com
Kavita Reddy,9758074534,,kavita.reddy293@outlook.com
Sagar Naik,9230889738,,sagar.naik172@outlook.com
Pooja Singh,9376704587,Nashik,
Aditya Mehta,9533785637,Delhi,
Yash Patil,9528287117,Nashik,
Nikhil Gupta,9760731846,Jaipur,nikhil.gupta614@protonmail.com
Nikhil Desai,9379895996,,nikhil.desai713@icloud.com
Siddharth Singh,9401154734,Hyderabad,siddharth.singh923@icloud.com
Kavita Kulkarni,9039677602,Hyderabad,kavita.kulkarni238@yahoo.com
Amit Shah,9509445911,,amit.shah10@outlook.com
Vikas Shinde,9900526093,Kolkata,
Arjun Gupta,9970518255,Jaipur,arjun.gupta474@yahoo.com
Priya Shah,9684186831,Mumbai,
Riya Gupta,9593135190,Bangalore,riya.gupta762@icloud.com
Aditya Singh,9524312687,Hyderabad,aditya.singh393@gmail.com
Amit Shah,9360789308,Nashik,amit.shah947@outlook.com
Pooja Shah,9851558918,Jaipur,pooja.shah599@protonmail.com
Rohit Pawar,9440893445,Ahmedabad,
Amit More,9508254253,,amit.more904@protonmail.com
Kiran Naik,9060531989,Ahmedabad,
Kiran Patil,9447285202,,kiran.patil58@icloud.com
Nikhil More,9261305917,Nagpur,
Neha Pawar,9824432829,,neha.pawar722@protonmail.com
Priya Mehta,9364618125,Delhi,priya.mehta767@icloud.com
Rohit Sharma,9236951021,Hyderabad,rohit.sharma195@protonmail.com
Vikas Jadhav,9337942033,,
Nikhil Reddy,9536476499,,nikhil.reddy876@protonmail.com
Nikhil Shah,9423954271,,
Tanvi Gupta,9670973467,Jaipur,tanvi.gupta828@protonmail.com
Siddharth Jadhav,9897551323,Surat,siddharth.jadhav541@protonmail.com
Kavita Pawar,9617612460,Jaipur,kavita.pawar383@gmail.com
Nikhil Mehta,9506197764,Kolkata,nikhil.mehta517@gmail.com
Anjali Shinde,9810669761,,anjali.shinde467@protonmail.com
Meera Iyer,9887646172,Nagpur,
Neha Shinde,9718821705,,
Neha Kulkarni,9401724359,Indore,
Nikhil Naik,9538369745,Mumbai,
Nikhil Chavan,9603164614,,
Anjali Reddy,9796126694,Hyderabad,
Nikhil Nair,9478501811,Ahmedabad,
Priya Gupta,9917136089,Jaipur,
Vikas Iyer,9210532237,Ahmedabad,vikas.iyer849@outlook.com
Vikas Desai,9281702698,Hyderabad,
Meera Jadhav,9549747897,,
Riya Chavan,9412249516,Bangalore,riya.chavan383@yahoo.com
Neha Mehta,9126356522,Kolkata,
Amit Chavan,9503242414,Nagpur,
Siddharth Mehta,9694124441,,siddharth.mehta267@icloud.com
Arjun Joshi,9273402692,Pune,arjun.joshi109@gmail.com
Arjun More,9886769715,Nashik,
Vikas Naik,9348378370,,vikas.naik735@gmail.com
Yash Shah,9104994258,,yash.shah612@gmail.com
Amit Kulkarni,9577048648,Mumbai,
Kavita Gupta,9323618656,Hyderabad,
Priya Shah,9038182616,Pune,
Meera Kumar,9451737551,Lucknow,
Nikhil Mehta,9094645785,Indore,nikhil.mehta490@icloud.com
Kiran Pawar,9158730358,Hyderabad,kiran.pawar844@icloud.com
Sneha Gupta,9751776220,,sneha.gupta460@yahoo.com
Yash Singh,9711836750,,yash.singh228@protonmail.com
Nikhil Reddy,9611738770,Nashik,nikhil.reddy839@yahoo.com
Priya Mehta,9082352434,Jaipur,
Vikas Sharma,9808784882,Surat,vikas.sharma784@icloud.com
Anjali Iyer,9402298152,Indore,anjali.iyer978@outlook.com
Riya More,9797815983,Pune,
Sneha Sharma,9796161458,Bangalore,sneha.sharma713@yahoo.com
Riya Shinde,9525504606,Mumbai,
Tanvi Singh,9872894720,,
Siddharth Singh,9118313748,Ahmedabad,siddharth.singh931@gmail.com
Priya Sharma,9414871681,Surat,
Kavita Shah,9368020355,Hyderabad,kavita.shah803@yahoo.com
Nikhil More,9038063339,Nashik,nikhil.more643@protonmail.com
Kiran Iyer,9635035212,Pune,kiran.iyer408@icloud.com
Meera Joshi,9953543471,,meera.joshi589@outlook.com
Pooja Desai,9608294162,Nagpur,pooja.desai227@outlook.com
Tanvi Kumar,9791841500,Pune,tanvi.kumar538@gmail.com
Kavita Desai,9827871564,Indore,kavita.desai593@icloud.com
Rohit Mehta,9658571779,,
Riya Kumar,9589206515,,riya.kumar188@icloud.com
Rahul Kumar,9420215180,Mumbai,rahul.kumar899@icloud.com
Nikhil Singh,9961718053,Kolkata,
Aditya Nair,9075871564,,aditya.nair145@yahoo.com
Priya Reddy,9008701181,Bangalore,
Riya Shinde,9722221318,Delhi,
Meera Nair,9665109029,Jaipur,
Rohit More,9158983934,Chennai,rohit.more555@yahoo.com
Rohit Shinde,9291855725,,rohit.shinde799@icloud.com
Kiran Shinde,9598636153,Bangalore,
Yash Mehta,9122680706,Kolkata,yash.mehta65@gmail.com
Yash Desai,9407489092,Jaipur,yash.desai174@outlook.com
Nikhil Shah,9020681660,,
Kavita Iyer,9564159288,Nashik,kavita.iyer763@yahoo.com
Sneha Gupta,9817336341,Delhi,
Amit Kulkarni,9258960602,Delhi,amit.kulkarni583@icloud.com
Kiran Patil,9633468033,,kiran.patil94@yahoo.com
Nikhil Patil,9263107553,Pune,nikhil.patil126@yahoo.com
Meera Singh,9807885467,Mumbai,meera.singh816@protonmail.com
Kavita Patil,9992056129,Ahmedabad,kavita.patil755@gmail.com
Vikas Patil,9020532334,,vikas.patil521@outlook.com
Sagar Kumar,9057718647,,
Nikhil More,9804882635,Ahmedabad,nikhil.more211@protonmail.com
Kiran Iyer,9196665841,Ahmedabad,kiran.iyer42@gmail.com
Kavita Shinde,9822371573,,
Vikas Gupta,9145535470,Hyderabad,
Tanvi Joshi,9183409214,,tanvi.joshi768@protonmail.com
Yash Shinde,9966847917,Chennai,yash.shinde386@outlook.com
Nikhil Singh,9083269982,Nagpur,nikhil.singh804@icloud.com
Sneha Kumar,9951283547,Nashik,sneha.kumar834@protonmail.com
Nikhil Kulkarni,9711311913,Surat,nikhil.kulkarni192@protonmail.com
Nikhil Iyer,9901244857,Bangalore,nikhil.iyer869@outlook.com
Siddharth Pawar,9741442204,Pune,siddharth.pawar921@outlook.com
Yash Pawar,9187576471,Nagpur,yash.pawar861@icloud.com
Kavita Nair,9924240680,Bangalore,kavita.nair360@icloud.com
Kavita Shah,9111186764,Indore,kavita.shah274@protonmail.com
Riya Pawar,9432537961,Hyderabad,riya.pawar370@gmail.com
Anjali Nair,9638206816,Delhi,anjali.nair910@outlook.com
Riya Joshi,9342366413,,riya.joshi263@yahoo.com
Priya Reddy,9291124122,Delhi,
Kiran Singh,9721334217,Lucknow,kiran.singh36@outlook.com
Siddharth Jadhav,9067799138,,siddharth.jadhav591@protonmail.com
Riya Pawar,9687039501,Lucknow,
Aditya Pawar,9427324857,Ahmedabad,aditya.pawar9@icloud.com
Arjun More,9700097004,Kolkata,
Riya Kulkarni,9199740076,Ahmedabad,riya.kulkarni986@yahoo.com
Siddharth Joshi,9995644042,Mumbai,siddharth.joshi229@gmail.com
Sneha Sharma,9288571483,Surat,sneha.sharma644@protonmail.com
Sneha Jadhav,9923923962,Surat,sneha.jadhav972@gmail.com
Vikas Nair,9909169928,Hyderabad,vikas.nair88@protonmail.com
Meera Kumar,9377641204,,
Sagar Reddy,9434285381,Chennai,
Yash Naik,9914082459,Bangalore,yash.naik994@yahoo.com
Riya Reddy,9174850656,,riya.reddy605@yahoo.com
Kiran Verma,9986411913,Surat,kiran.verma515@gmail.com
Amit Singh,9978205840,,
Priya Patil,9927841244,Chennai,priya.patil470@yahoo.com
Tanvi Reddy,9024859014,,tanvi.reddy993@icloud.com
Arjun Patil,9694020719,,arjun.patil987@protonmail.com
Riya Shah,9880567071,Chennai,
Nikhil Desai,9081060937,,
Siddharth Singh,9168075026,Hyderabad,
Amit Iyer,9462377957,Mumbai,
Aditya Iyer,9436132147,Jaipur,
Tanvi Sharma,9684792321,Hyderabad,
Siddharth Nair,9881095675,,siddharth.nair417@gmail.com
Yash Pawar,9469429475,Pune,yash.pawar241@protonmail.com
Priya Chavan,9649658373,,priya.chavan989@protonmail.com
Siddharth Jadhav,9666319040,Lucknow,siddharth.jadhav208@icloud.com
Arjun Desai,9534936693,Mumbai,arjun.desai727@gmail.com
Vikas Verma,9666541178,Hyderabad,vikas.verma134@gmail.com
Pooja Kumar,9773548703,Lucknow,pooja.kumar855@yahoo.com
Priya Iyer,9740602184,Jaipur,priya.iyer768@icloud.com
Sneha Jadhav,9956583295,Mumbai,sneha.jadhav556@icloud.com
Amit Kumar,9549341274,Mumbai,amit.kumar504@icloud.com
Tanvi Sharma,9992245167,,tanvi.sharma188@protonmail.com
Pooja Patil,9058640748,,
Kavita Reddy,9562703833,,kavita.reddy711@protonmail.com
Rahul Sharma,9931781560,Surat,
Priya Desai,9093220696,Bangalore,
Vikas Gupta,9879789101,Delhi,vikas.gupta389@yahoo.com
Neha Shinde,9275993735,,
Pooja Nair,9974518344,,pooja.nair573@icloud.com
Yash Mehta,9079973891,Chennai,yash.mehta652@protonmail.com
Amit Desai,9282312854,,amit.desai608@icloud.com
Sneha Singh,9472535663,,
Kiran Jadhav,9969585881,,
Tanvi Naik,9040194261,Surat,tanvi.naik261@gmail.com
Meera Reddy,9285533803,Jaipur,meera.reddy988@icloud.com
Riya Patil,9649737630,,
Rohit Sharma,9851768817,Indore,rohit.sharma304@gmail.com
Amit Singh,9715520797,,
Kavita Pawar,9021516265,Nagpur,
Aditya Shah,9174647754,Nashik,
Rohit Patil,9451804920,Nagpur,rohit.patil144@gmail.com
Sneha Mehta,9323947153,Mumbai,sneha.mehta847@outlook.com
Sagar Chavan,9182111282,Ahmedabad,sagar.chavan255@protonmail.com
Yash Iyer,9203382100,Indore,yash.iyer578@gmail.com
Tanvi Naik,9013866484,Ahmedabad,tanvi.naik962@outlook.com
Kiran Reddy,9295820106,Nashik,kiran.reddy351@gmail.com
Kavita Sharma,9939166703,Nashik,kavita.sharma878@gmail.com
Sagar Sharma,9293106820,,
Siddharth Pawar,9184037181,,siddharth.pawar554@protonmail.com
Neha Reddy,9555101337,Delhi,neha.reddy977@gmail.com
Aditya Desai,9427781591,Lucknow,aditya.desai865@outlook.com
Pooja Sharma,9332871344,Indore,pooja.sharma420@gmail.com
Riya More,9425120116,Nashik,riya.more526@icloud.com
Nikhil Chavan,9384823896,,
Amit Singh,9772139048,,
Priya Jadhav,9398566599,,priya.jadhav530@protonmail.com
Rohit Shah,9074240154,,rohit.shah702@protonmail.com
Amit Kumar,9816696801,,amit.kumar18@outlook.com
Kiran Chavan,9499588472,Lucknow,kiran.chavan73@gmail.com
Neha Patil,9894456569,Hyderabad,neha.patil490@icloud.com
Anjali Patil,9992839059,Kolkata,anjali.patil210@icloud.com
Arjun Joshi,9028045908,Kolkata,arjun.joshi645@gmail.com
Tanvi Nair,9056141950,Surat,
Neha Reddy,9072449691,Nashik,neha.reddy210@icloud.com
Amit Desai,9524870016,Delhi,
Arjun Shinde,9139341357,Hyderabad,arjun.shinde134@icloud.com
Kavita Joshi,9532498099,,kavita.joshi215@icloud.com
Nikhil Desai,9479802139,Nashik,nikhil.desai102@protonmail.com
Siddharth Jadhav,9972361497,Pune,siddharth.jadhav784@yahoo.com
Riya Mehta,9157442405,Surat,riya.mehta784@gmail.com
Neha Kumar,9039973600,,neha.kumar833@protonmail.com
Rahul Shah,9211789470,Nashik,
Vikas Mehta,9466120662,Mumbai,
Rohit Jadhav,9399374091,,rohit.jadhav213@outlook.com
Kiran Shah,9233379632,Hyderabad,
Sneha Shah,9561840092,Chennai,
Rohit Shah,9910759325,Nashik,rohit.shah757@yahoo.com
Rahul Jadhav,9493198163,Ahmedabad,
Rohit Nair,9824859176,Delhi,rohit.nair340@yahoo.com
Rahul Kumar,9743897601,Pune,
Sagar Verma,9860071264,Jaipur,
Vikas Gupta,9719066595,,
Priya Gupta,9215255787,Jaipur,priya.gupta391@icloud.com
Arjun Shah,9851124496,Bangalore,arjun.shah165@outlook.com
Rahul Verma,9461032590,Pune,rahul.verma812@icloud.com
Nikhil Sharma,9677704858,,nikhil.sharma469@outlook.com
Nikhil Desai,9880658917,Ahmedabad,
Meera Desai,9570851462,Mumbai,
Kiran More,9161429556,,kiran.more544@gmail.com
Sneha Jadhav,9921528982,Mumbai,
Riya Desai,9420417344,Surat,
Yash More,9638305495,Delhi,yash.more206@protonmail.com
Rohit Mehta,9999310437,Kolkata,
Sagar Mehta,9633658680,Pune,
Meera Iyer,9048013615,Chennai,meera.iyer296@protonmail.com
Sagar Gupta,9526234305,Ahmedabad,
Riya More,9781630316,Kolkata,
Kiran Sharma,9445193935,Mumbai,kiran.sharma32@outlook.com
Sneha Joshi,9443781813,,sneha.joshi332@outlook.com
Pooja More,9673565399,Bangalore,pooja.more926@protonmail.com
Siddharth Nair,9081375504,Lucknow,siddharth.nair225@protonmail.com
Sneha Kulkarni,9126562518,,sneha.kulkarni529@yahoo.com
Arjun Desai,9681246387,,arjun.desai150@gmail.com
Priya Joshi,9082063979,Bangalore,priya.joshi585@icloud.com
Rohit Joshi,9200145885,Lucknow,
Nikhil Desai,9437361648,Lucknow,
Kiran Jadhav,9883537931,Pune,kiran.jadhav409@gmail.com
Yash Desai,9486583727,,
Sagar More,9001162495,Jaipur,sagar.more938@gmail.com
Priya Shah,9865817873,,
Amit Gupta,9132104742,Ahmedabad,
Priya Sharma,9686450058,Nashik,priya.sharma922@yahoo.com
Kiran Singh,9093271286,Surat,kiran.singh145@yahoo.com
Meera Desai,9966234802,,
Siddharth Shah,9966014947,Indore,siddharth.shah174@yahoo.com
Kavita Naik,9973658872,,kavita.naik213@yahoo.com
Rahul Nair,9616324998,,
Kavita Naik,9049684427,,kavita.naik654@icloud.com
Meera Pawar,9766497285,Hyderabad,meera.pawar307@icloud.com
Riya Joshi,9430993451,,
Priya Gupta,9029805653,Chennai,priya.gupta436@gmail.com
Rahul Joshi,9433924627,Delhi,rahul.joshi386@icloud.com
Tanvi Mehta,9396465504,,tanvi.mehta670@yahoo.com
Priya Nair,9181882785,,
Aditya Mehta,9606663714,,
Rohit Gupta,9613817565,Indore,rohit.gupta248@gmail.com
Vikas Pawar,9913550944,Surat,vikas.pawar975@yahoo.com
Nikhil Chavan,9265556172,,
Kavita Iyer,9309874623,,kavita.iyer105@icloud.com
Priya Sharma,9517236229,,priya.sharma725@icloud.com
Vikas Shah,9347585990,,
Neha Iyer,9395228273,,
Pooja More,9140459633,,
Riya Sharma,9557960613,,
Riya Singh,9320274813,Surat,
Nikhil Gupta,9189952818,Surat,
Priya Kulkarni,9338768434,Lucknow,
Nikhil Pawar,9800499636,Jaipur,nikhil.pawar783@gmail.com
Priya Naik,9115824499,Indore,priya.naik980@gmail.com
Arjun Kumar,9854603547,Nashik,arjun.kumar659@icloud.com
Rohit Naik,9664333197,Lucknow,rohit.naik706@gmail.com
Sagar Shah,9984517812,Hyderabad,sagar.shah132@icloud.com
Nikhil Joshi,9263536825,,nikhil.joshi61@yahoo.com
Siddharth Gupta,9676368299,,siddharth.gupta920@outlook.com
Vikas Jadhav,9491465936,Bangalore,vikas.jadhav902@yahoo.com
Rahul Kulkarni,9562719760,Ahmedabad,rahul.kulkarni262@gmail.com
Arjun Jadhav,9681070930,Indore,arjun.jadhav925@protonmail.com
Meera Chavan,9813771380,Surat,meera.chavan84@outlook.com
Nikhil Chavan,9778076242,Nashik,nikhil.chavan82@icloud.com
Pooja Verma,9925951896,,
Arjun Gupta,9686485976,Nagpur,arjun.gupta460@yahoo.com
Arjun Pawar,9809620891,,
Siddharth Pawar,9303535315,Nashik,
Riya Kumar,9593674790,Delhi,
Kiran Gupta,9042746971,,
Rohit Sharma,9551610711,,rohit.sharma56@icloud.com
Sagar Pawar,9374845725,,
Priya Gupta,9377564338,,
Sneha Singh,9813123644,Lucknow,sneha.singh722@icloud.com
Rohit Kulkarni,9735037476,Hyderabad,rohit.kulkarni251@icloud.com
Anjali Naik,9491636622,Surat,
Nikhil Singh,9545596100,Ahmedabad,nikhil.singh311@protonmail.com
Tanvi Desai,9163536681,Mumbai,tanvi.desai268@outlook.com
Rahul Pawar,9618443476,Nagpur,
Priya Patil,9744113069,Hyderabad,
Rohit Verma,9530976249,Lucknow,
Meera Naik,9194974823,Lucknow,meera.naik701@outlook.com
Rahul Singh,9514116679,Delhi,rahul.singh12@protonmail.com
Meera Pawar,9323434183,,meera.pawar859@icloud.com
Rohit Pawar,9768745410,Nagpur,
Sagar Reddy,9300038400,,sagar.reddy359@icloud.com
Anjali Patil,9831444167,Lucknow,anjali.patil308@outlook.com
Neha Mehta,9400544821,,
Rohit Gupta,9123117461,,
Sneha Chavan,9070894988,Jaipur,sneha.chavan686@gmail.com
Sneha Joshi,9530409153,,sneha.joshi816@icloud.com
Aditya Joshi,9281301001,,aditya.joshi988@protonmail.com
Siddharth More,9843388981,,siddharth.more495@outlook.com
Tanvi Shah,9566513452,,tanvi.shah900@yahoo.com
Tanvi Joshi,9785210298,Pune,tanvi.joshi581@gmail.com
Riya Desai,9035440231,,riya.desai894@protonmail.com
Priya Joshi,9409193101,,
Sneha Kulkarni,9897692509,Indore,sneha.kulkarni855@protonmail.com
Siddharth Singh,9221439177,Lucknow,
Kavita Chavan,9601538933,Hyderabad,kavita.chavan598@icloud.com
Arjun More,9305292789,,
Neha More,9228227869,,neha.more611@yahoo.com
Nikhil Sharma,9603903092,Mumbai,nikhil.sharma757@outlook.com
Arjun Kumar,9530911662,Nashik,arjun.kumar881@outlook.com
Rahul Gupta,9375214476,Hyderabad,rahul.gupta5@icloud.com
Pooja Chavan,9231970860,Surat,
Aditya Desai,9939301124,Hyderabad,aditya.desai800@gmail.com
Priya Sharma,9856643566,Chennai,priya.sharma302@gmail.com
Yash Sharma,9775977567,,
Nikhil Mehta,9532827538,Ahmedabad,
Nikhil Reddy,9358291994,Delhi,nikhil.reddy483@gmail.com
Siddharth Iyer,9600953727,Mumbai,siddharth.iyer214@yahoo.com
Priya Kulkarni,9011937962,,
Anjali Verma,9316526525,Ahmedabad,
Riya Verma,9679555598,Mumbai,riya.verma982@gmail.com
Rohit Pawar,9690425798,,rohit.pawar824@protonmail.com
Yash Jadhav,9469376791,Lucknow,yash.jadhav476@outlook.com
Siddharth Pawar,9801427694,,siddharth.pawar806@icloud.com
Rohit Desai,9527519673,Nagpur,rohit.desai919@outlook.com
Aditya Kumar,9595427355,Kolkata,aditya.kumar256@gmail.com
Anjali Iyer,9513680856,,anjali.iyer864@yahoo.com
Siddharth More,9682575954,Pune,siddharth.more7@icloud.com
Yash Gupta,9676107257,Delhi,
Yash Sharma,9413952866,Delhi,yash.sharma958@gmail.com
Neha Patil,9979802930,Nagpur,neha.patil945@yahoo.com
Sagar Gupta,9066735535,Lucknow,sagar.gupta821@icloud.com
Sneha Mehta,9933264453,,sneha.mehta742@outlook.com
Kavita More,9762755468,Kolkata,kavita.more626@outlook.com
Kiran Shah,9971453517,Hyderabad,kiran.shah985@outlook.com
Rahul Gupta,9561914830,Pune,
Neha Jadhav,9142601911,Ahmedabad,
Pooja Desai,9520567856,Lucknow,pooja.desai227@icloud.com
Kiran Shah,9573698534,Pune,
Neha Nair,9705378292,Chennai,neha.nair571@outlook.com
Yash More,9238070990,,yash.more770@yahoo.com
Arjun Nair,9405330459,,arjun.nair279@icloud.com
Riya Verma,9825371656,Kolkata,riya.verma746@outlook.com
Pooja Joshi,9061138492,,pooja.joshi359@outlook.com
Riya Reddy,9262149168,,
Priya Shinde,9908500518,Delhi,
Rohit Nair,9911376714,,rohit.nair242@yahoo.com
Pooja More,9092740373,,pooja.more265@icloud.com
Siddharth Shinde,9132746348,,siddharth.shinde306@icloud.com
Neha Nair,9957993349,Hyderabad,neha.nair899@yahoo.com
Priya Desai,9548954379,Nagpur,priya.desai987@protonmail.com
Vikas Gupta,9092896552,Surat,vikas.gupta828@outlook.com
Kavita Chavan,9427399307,Bangalore,
Neha Kulkarni,9451764783,Surat,neha.kulkarni91@yahoo.com
Nikhil Iyer,9026048058,Delhi,nikhil.iyer783@icloud.com
Amit Shah,9205874956,,
Vikas Nair,9510019709,Indore,vikas.nair400@gmail.com
Amit Mehta,9243011660,Pune,amit.mehta200@yahoo.com
Tanvi Desai,9496683016,Delhi,tanvi.desai548@gmail.com
Anjali Shah,9775981956,Kolkata,anjali.shah509@yahoo.com
Anjali Pawar,9589777827,,anjali.pawar646@outlook.com
Arjun More,9712493246,Chennai,
Siddharth Joshi,9825873417,Nagpur,
Anjali Shah,9327601027,Delhi,
Anjali Singh,9233545806,Kolkata,anjali.singh329@yahoo.com
Nikhil Nair,9286804223,Kolkata,
Yash Naik,9584529801,,yash.naik339@icloud.com
Yash Sharma,9361498921,,yash.sharma317@icloud.com
Arjun Kulkarni,9270703990,,arjun.kulkarni979@yahoo.com
Riya Desai,9286675113,Jaipur,riya.desai746@icloud.com
Rahul Shinde,9718936250,,rahul.shinde811@gmail.com
Priya Nair,9251312876,,
Arjun Chavan,9887172980,Mumbai,arjun.chavan112@yahoo.com
Vikas Verma,9821410971,Hyderabad,vikas.verma586@gmail.com
Kiran Gupta,9083279362,Delhi,
Pooja More,9498122439,Nashik,
Sagar Singh,9638030390,Kolkata,sagar.singh483@outlook.com
Rahul Chavan,9493488893,Lucknow,rahul.chavan288@gmail.com
Priya Patil,9916854257,,priya.patil678@protonmail.com
Aditya Jadhav,9418183569,Hyderabad,aditya.jadhav663@outlook.com
Riya Gupta,9135413247,Hyderabad,riya.gupta823@outlook.com
Aditya Desai,9127684694,Indore,aditya.desai626@gmail.com
Tanvi Nair,9810356429,,tanvi.nair615@outlook.com
Sneha More,9135890586,,sneha.more414@gmail.com
Riya Singh,9198337988,Nagpur,
Kiran More,9888362682,Kolkata,kiran.more846@protonmail.com
Sagar Singh,9998808798,Kolkata,
Sagar Mehta,9279541190,,sagar.mehta897@yahoo.com
Sagar Pawar,9272104524,,
Rahul Nair,9119054328,Mumbai,
Kavita Shah,9155316915,Delhi,kavita.shah561@outlook.com
Neha Reddy,9752408479,Kolkata,
Kiran Nair,9903743205,,kiran.nair132@protonmail.com
Vikas More,9993618955,,vikas.more397@yahoo.com
Nikhil Naik,9696880865,Kolkata,nikhil.naik112@yahoo.com
Amit Chavan,9617992409,Hyderabad,
Sagar Singh,9644710806,Ahmedabad,
Sagar More,9020196141,Kolkata,sagar.more871@outlook.com
Riya Desai,9211109573,Nashik,riya.desai17@outlook.com
Yash Sharma,9200791091,Lucknow,
Anjali Pawar,9573042502,Hyderabad,anjali.pawar155@protonmail.com
Neha Kumar,9814980813,Bangalore,
Siddharth Joshi,9683802190,,siddharth.joshi714@gmail.com
Rohit Shinde,9572873862,,rohit.shinde793@gmail.com
Neha Sharma,9173524390,Surat,
Priya Joshi,9081426889,,priya.joshi946@protonmail.com
Rohit Singh,9904900695,,rohit.singh367@icloud.com
Rohit Mehta,9060707180,Mumbai,
Tanvi Jadhav,9754921629,Nashik,
Riya Singh,9756242836,Chennai,riya.singh385@protonmail.com
Riya Singh,9657742772,Hyderabad,riya.singh411@icloud.com
Sagar Pawar,9791660258,Ahmedabad,sagar.pawar426@outlook.com
Nikhil Nair,9276371415,,nikhil.nair468@yahoo.com
Neha Pawar,9608859937,Surat,
Pooja Jadhav,9440857162,,
Sneha Mehta,9120073937,Mumbai,sneha.mehta808@protonmail.com
Anjali Sharma,9559103864,Pune,anjali.sharma635@gmail.com
Kavita Shah,9609887790,,
Siddharth Pawar,9449534961,Jaipur,siddharth.pawar154@protonmail.com
Yash Gupta,9146454129,Nashik,
Sneha Kulkarni,9042606743,Indore,sneha.kulkarni114@icloud.com
Siddharth Nair,9356531638,Hyderabad,
Neha More,9271457442,,
Arjun Joshi,9518246120,Jaipur,
Nikhil Naik,9687151294,Surat,
Anjali Desai,9837223912,Jaipur,anjali.desai371@yahoo.com
Kavita More,9833648254,Bangalore,kavita.more434@outlook.com
Neha Verma,9652691042,Indore,neha.verma551@gmail.com
Riya Chavan,9022943781,Jaipur,
Priya Singh,9465499569,Delhi,priya.singh763@protonmail.com
Sneha Naik,9496021851,Hyderabad,
Arjun Patil,9293180963,,arjun.patil637@outlook.com
Nikhil Iyer,9816221348,,
Tanvi Kumar,9999497890,Nashik,tanvi.kumar875@icloud.com
Yash Iyer,9051744010,Indore,
Priya Shinde,9304206910,Mumbai,priya.shinde9@icloud.com
Anjali Nair,9167259735,Bangalore,anjali.nair382@yahoo.com
Arjun Kumar,9628071005,,arjun.kumar641@gmail.com
Rahul Gupta,9653178637,Ahmedabad,rahul.gupta153@gmail.com
Sneha Naik,9565745291,Pune,sneha.naik168@icloud.com
Kiran Naik,9818434457,Ahmedabad,kiran.naik624@gmail.com
Vikas Chavan,9579133130,Lucknow,
Sagar Jadhav,9776440727,Nagpur,sagar.jadhav561@gmail.com
Kiran Kulkarni,9145817549,,kiran.kulkarni688@gmail.com
Priya Chavan,9986832231,Kolkata,
Sagar Chavan,9489027558,Mumbai,sagar.chavan679@icloud.com
Sagar Kulkarni,9316918085,Hyderabad,sagar.kulkarni563@gmail.com
Priya Verma,9867243591,Delhi,priya.verma924@gmail.com
Siddharth Iyer,9777063225,,siddharth.iyer520@icloud.com
Neha Joshi,9383679891,Hyderabad,neha.joshi236@icloud.com
Aditya Mehta,9032168002,Nashik,
Meera Gupta,9384142105,,meera.gupta347@outlook.com
Vikas Chavan,9505690746,,vikas.chavan120@outlook.com
Meera Verma,9834031922,Nagpur,meera.verma387@outlook.com
Priya Joshi,9628233067,Jaipur,priya.joshi415@protonmail.com
Nikhil More,9138536325,Pune,nikhil.more476@yahoo.com
Aditya Jadhav,9333673861,Surat,aditya.jadhav676@protonmail.com
Vikas Mehta,9321479144,,vikas.mehta324@gmail.com
Kavita Singh,9171554294,,
Arjun Mehta,9162861455,Chennai,
Sneha More,9379556025,Mumbai,sneha.more692@yahoo.com
Tanvi Iyer,9885780958,Indore,tanvi.iyer149@icloud.com
Pooja Pawar,9593231545,Jaipur,pooja.pawar271@icloud.com
Priya Desai,9561840317,Surat,priya.desai313@protonmail.com
Priya Shinde,9160508980,Nagpur,priya.shinde669@protonmail.com
Anjali Verma,9813774501,Indore,anjali.verma610@icloud.com
Amit Sharma,9433921769,Kolkata,amit.sharma638@yahoo.com
Riya Mehta,9674323105,Mumbai,
Kavita Joshi,9927557851,Hyderabad,kavita.joshi260@yahoo.com
Priya Desai,9474175493,,priya.desai559@outlook.com
Sagar Singh,9850665954,,
Aditya Kulkarni,9612208286,Delhi,aditya.kulkarni795@gmail.com
Siddharth Desai,9085437965,,siddharth.desai174@gmail.com
Nikhil Gupta,9832743187,Delhi,nikhil.gupta555@yahoo.com
Meera More,9906330812,Nashik,
Vikas Iyer,9994901507,,vikas.iyer447@gmail.com
Neha Pawar,9495870885,Mumbai,
Yash Iyer,9272834142,,yash.iyer432@gmail.com
Neha Verma,9547522871,,neha.verma204@yahoo.com
Nikhil Shah,9000508458,Kolkata,
Sagar Jadhav,9055010786,Nagpur,sagar.jadhav730@outlook.com
Tanvi Chavan,9339769898,Kolkata,tanvi.chavan895@outlook.com
Kavita Shinde,9568602583,Bangalore,
Sagar Reddy,9161114961,,
Anjali Iyer,9909824725,Surat,anjali.iyer143@protonmail.com
Pooja Joshi,9065558699,,pooja.joshi685@outlook.com
Rohit Mehta,9615248858,,rohit.mehta341@icloud.com
Rahul Kumar,9482798686,Nagpur,
Anjali Sharma,9289660850,Pune,anjali.sharma109@icloud.com
Rahul Sharma,9532692178,Ahmedabad,
Neha Patil,9575760018,Surat,neha.patil723@protonmail.com
Rahul Pawar,9173546310,,rahul.pawar36@protonmail.com
Meera Mehta,9250362561,Nagpur,meera.mehta167@gmail.com
Anjali Mehta,9810798377,,anjali.mehta587@gmail.com
Neha Kulkarni,9095561282,Pune,neha.kulkarni906@icloud.com
Rahul Singh,9176122783,Delhi,rahul.singh288@protonmail.com
Meera Nair,9003312148,,meera.nair829@gmail.com
Siddharth Singh,9842182653,Ahmedabad,
Vikas More,9832966282,,vikas.more299@protonmail.com
Tanvi Patil,9116969376,Bangalore,tanvi.patil50@gmail.com
Meera Chavan,9319260774,,
Arjun Kumar,9429308615,Hyderabad,arjun.kumar740@protonmail.com
